{
    "1": {
        "average_damage": 33,
        "execution_time": 0.24232125282287598
    },
    "2": {
        "average_damage": 47,
        "execution_time": 0.21001887321472168
    },
    "3": {
        "average_damage": 60,
        "execution_time": 0.2155616283416748
    },
    "4": {
        "average_damage": 73,
        "execution_time": 0.22069883346557617
    },
    "5": {
        "average_damage": 87,
        "execution_time": 0.21884989738464355
    },
    "6": {
        "average_damage": 101,
        "execution_time": 0.1834402084350586
    },
    "7": {
        "average_damage": 114,
        "execution_time": 0.1602773666381836
    },
    "8": {
        "average_damage": 128,
        "execution_time": 0.2209784984588623
    },
    "9": {
        "average_damage": 141,
        "execution_time": 0.18700480461120605
    },
    "10": {
        "average_damage": 154,
        "execution_time": 0.20191168785095215
    },
    "11": {
        "average_damage": 168,
        "execution_time": 0.20508885383605957
    },
    "12": {
        "average_damage": 181,
        "execution_time": 0.16945624351501465
    },
    "13": {
        "average_damage": 195,
        "execution_time": 0.20399236679077148
    },
    "14": {
        "average_damage": 208,
        "execution_time": 0.17612147331237793
    },
    "15": {
        "average_damage": 222,
        "execution_time": 0.1824169158935547
    },
    "16": {
        "average_damage": 235,
        "execution_time": 0.23062777519226074
    },
    "17": {
        "average_damage": 249,
        "execution_time": 0.19258403778076172
    },
    "18": {
        "average_damage": 263,
        "execution_time": 0.2080390453338623
    },
    "19": {
        "average_damage": 276,
        "execution_time": 0.18956565856933594
    },
    "20": {
        "average_damage": 290,
        "execution_time": 0.18047738075256348
    },
    "21": {
        "average_damage": 303,
        "execution_time": 0.21959471702575684
    },
    "22": {
        "average_damage": 317,
        "execution_time": 0.18757247924804688
    },
    "23": {
        "average_damage": 330,
        "execution_time": 0.18710660934448242
    },
    "24": {
        "average_damage": 343,
        "execution_time": 0.18837594985961914
    },
    "25": {
        "average_damage": 357,
        "execution_time": 0.16939830780029297
    },
    "26": {
        "average_damage": 370,
        "execution_time": 0.21944665908813477
    },
    "27": {
        "average_damage": 383,
        "execution_time": 0.17269015312194824
    },
    "28": {
        "average_damage": 398,
        "execution_time": 0.18839168548583984
    },
    "29": {
        "average_damage": 411,
        "execution_time": 0.18434643745422363
    },
    "30": {
        "average_damage": 425,
        "execution_time": 0.19257473945617676
    },
    "31": {
        "average_damage": 439,
        "execution_time": 0.1840353012084961
    },
    "32": {
        "average_damage": 452,
        "execution_time": 0.18835830688476562
    },
    "33": {
        "average_damage": 466,
        "execution_time": 0.20007061958312988
    },
    "34": {
        "average_damage": 479,
        "execution_time": 0.2240762710571289
    },
    "35": {
        "average_damage": 492,
        "execution_time": 0.19170856475830078
    },
    "36": {
        "average_damage": 506,
        "execution_time": 0.19959020614624023
    },
    "37": {
        "average_damage": 518,
        "execution_time": 0.20401716232299805
    },
    "38": {
        "average_damage": 533,
        "execution_time": 0.1828463077545166
    },
    "39": {
        "average_damage": 547,
        "execution_time": 0.22460174560546875
    },
    "40": {
        "average_damage": 559,
        "execution_time": 0.20042705535888672
    },
    "41": {
        "average_damage": 573,
        "execution_time": 0.19088530540466309
    },
    "42": {
        "average_damage": 586,
        "execution_time": 0.1883530616760254
    },
    "43": {
        "average_damage": 599,
        "execution_time": 0.1957569122314453
    },
    "44": {
        "average_damage": 613,
        "execution_time": 0.19658684730529785
    },
    "45": {
        "average_damage": 626,
        "execution_time": 0.18783307075500488
    },
    "46": {
        "average_damage": 641,
        "execution_time": 0.18009138107299805
    },
    "47": {
        "average_damage": 653,
        "execution_time": 0.2128763198852539
    },
    "48": {
        "average_damage": 667,
        "execution_time": 0.17588567733764648
    },
    "49": {
        "average_damage": 680,
        "execution_time": 0.2063922882080078
    },
    "50": {
        "average_damage": 695,
        "execution_time": 0.19794559478759766
    }
}